CHR,POS,SID_1,SID_2,SID_3,SID_4,SID_5,SID_6,SID_7,SID_8,SID_9,SID_10,SID_11,SID_12,SID_13,SID_14,SID_15,SID_16,SID_17,SID_18,SID_19,SID_20,SID_21,SID_22,SID_23,SID_24,SID_25,SID_26,SID_27,SID_28,SID_29,SID_30,SID_31,SID_32,SID_33,SID_34,SID_35,SID_36,SID_37,SID_38,SID_39,SID_40,SID_41,SID_42,SID_43,SID_44,SID_45,SID_46,SID_47,SID_48,SID_49,SID_50,SID_51,SID_52,SID_53,SID_54,SID_55,SID_56,SID_57,SID_58,SID_59,SID_60,SID_61,SID_62,SID_63,SID_64,SID_65,SID_66,SID_67,SID_68,SID_69,SID_70,SID_71,SID_72,SID_73,SID_74,SID_75,SID_76,SID_77,SID_78,SID_79,SID_80,SID_81,SID_82,SID_83,SID_84,SID_85,SID_86,SID_87,SID_88,SID_89,SID_90,SID_91,SID_92,SID_93,SID_94,SID_95,SID_96,SID_97,SID_98,SID_99,SID_100,SID_101,SID_102,SID_103,SID_104,SID_105,SID_106,SID_107,SID_108,SID_109,SID_110,SID_111,SID_112,SID_113,SID_114,SID_115,SID_116,SID_117,SID_118,SID_119,SID_120,SID_121,SID_122,SID_123,SID_124,SID_125,SID_126,SID_127,SID_128,SID_129,SID_130,SID_131,SID_132,SID_133,SID_134,SID_135,SID_136,SID_137,SID_138,SID_139,SID_140,SID_141,SID_142,SID_143,SID_144,SID_145,SID_146,SID_147,SID_148,SID_149,SID_150,SID_151,SID_152,SID_153,SID_154,SID_155,SID_156,SID_157,SID_158,SID_159,SID_160,SID_161,SID_162,SID_163,SID_164,SID_165,SID_166,SID_167,SID_168,SID_169,SID_170,SID_171,SID_172,SID_173,SID_174,SID_175,SID_176,SID_177,SID_178,SID_179,SID_180,SID_181,SID_182,SID_183,SID_184,SID_185,SID_186,SID_187,SID_188,SID_189,SID_190,SID_191,SID_192,SID_193,SID_194,SID_195,SID_196,SID_197,SID_198,SID_199,SID_200,SID_201,SID_202,SID_203,SID_204,SID_205,SID_206,SID_207,SID_208,SID_209,SID_210,SID_211,SID_212,SID_213,SID_214,SID_215,SID_216,SID_217,SID_218,SID_219,SID_220,SID_221,SID_222,SID_223,SID_224,SID_225,SID_226,SID_227,SID_228,SID_229,SID_230,SID_231,SID_232,SID_233,SID_234,SID_235,SID_236,SID_237,SID_238,SID_239,SID_240,SID_241,SID_242,SID_243,SID_244,SID_245,SID_246,SID_247,SID_248,SID_249,SID_250,SID_251,SID_252,SID_253,SID_254,SID_255,SID_256,SID_257,SID_258,SID_259,SID_260,SID_261,SID_262,SID_263,SID_264,SID_265,SID_266,SID_267,SID_268,SID_269,SID_270,SID_271,SID_272,SID_273,SID_274,SID_275,SID_276,SID_277,SID_278,SID_279,SID_280,SID_281,SID_282,SID_283,SID_284,SID_285,SID_286,SID_287,SID_288,SID_289,SID_290,SID_291,SID_292,SID_293,SID_294,SID_295,SID_296,SID_297,SID_298,SID_299,SID_300,SID_301,SID_302,SID_303,SID_304,SID_305,SID_306,SID_307,SID_308,SID_309,SID_310,SID_311,SID_312,SID_313,SID_314,SID_315,SID_316,SID_317,SID_318,SID_319,SID_320,SID_321,SID_322,SID_323,SID_324,SID_325,SID_326,SID_327,SID_328,SID_329,SID_330,SID_331,SID_332,SID_333,SID_334,SID_335,SID_336,SID_337,SID_338,SID_339,SID_340,SID_341,SID_342,SID_343,SID_344,SID_345,SID_346,SID_347,SID_348,SID_349,SID_350,SID_351,SID_352,SID_353,SID_354,SID_355,SID_356,SID_357,SID_358,SID_359,SID_360,SID_361,SID_362,SID_363,SID_364,SID_365,SID_366,SID_367,SID_368,SID_369,SID_370,SID_371,SID_372,SID_373,SID_374,SID_375,SID_376,SID_377,SID_378,SID_379,SID_380,SID_381,SID_382,SID_383,SID_384,SID_385,SID_386,SID_387,SID_388,SID_389,SID_390,SID_391,SID_392,SID_393,SID_394,SID_395,SID_396,SID_397,SID_398,SID_399,SID_400
chr1,242117947,1,2,1,2,1,1,2,2,2,2,2,2,2,0,2,2,2,2,2,2,1,2,1,2,0,2,2,1,2,1,1,2,1,2,2,2,2,0,2,2,1,2,2,2,2,2,1,1,2,0,2,2,2,2,2,2,0,2,1,0,1,2,1,2,2,2,2,2,2,2,2,2,2,2,2,2,2,2,2,2,1,2,2,2,2,2,2,2,2,2,1,2,2,1,1,2,1,2,2,1,2,2,2,1,2,2,2,1,2,2,2,1,1,1,2,2,2,2,1,2,2,2,2,2,2,2,1,2,2,2,2,2,2,2,2,1,2,2,2,2,2,1,2,2,2,2,2,2,2,2,2,2,2,2,2,1,1,2,2,2,2,2,2,2,2,2,2,2,1,2,1,2,2,1,2,2,2,2,2,1,2,1,2,2,2,2,2,2,2,2,2,2,2,2,2,2,2,2,2,2,1,2,1,2,2,2,1,2,2,2,1,2,2,2,0,0,2,2,2,2,1,2,1,2,2,2,0,1,1,1,2,2,2,2,2,2,2,2,2,2,2,1,1,2,1,2,2,1,2,2,2,1,2,1,2,2,2,2,0,2,2,2,2,2,2,1,2,2,2,1,2,2,1,0,1,2,2,2,1,1,1,1,1,2,2,0,2,2,2,1,1,2,1,1,2,2,1,2,2,2,2,2,2,2,1,1,2,2,2,1,1,2,1,2,1,2,2,2,1,1,2,2,2,2,2,1,2,2,1,2,2,2,1,2,2,2,2,2,2,1,2,1,1,1,2,2,1,2,1,2,0,1,2,1,2,2,1,1,2,1,2,2,2,2,2,1,2,1,2,1,2,1,2,2,2,1,2,2,2,2,2,2,1,2,2,2,2,2,1,2,1,1,2,2,1,2,1,2,2,1
chr4,32477273,2,0,1,1,1,1,0,1,1,2,0,1,2,1,1,1,1,0,2,1,2,0,0,1,2,1,1,2,0,1,1,2,1,1,2,2,2,2,1,0,1,0,2,1,1,1,1,1,1,1,2,2,1,1,1,2,1,1,2,2,1,1,1,0,1,2,2,1,1,1,2,1,2,1,1,1,1,1,1,2,2,2,2,2,1,1,2,2,1,1,2,1,2,2,1,1,2,1,2,1,2,1,1,1,2,2,1,2,1,1,0,1,1,0,2,1,1,2,2,1,2,2,0,1,1,2,0,1,0,1,1,2,2,1,2,1,0,1,0,1,2,2,0,1,1,1,2,2,0,0,1,2,0,2,0,0,1,0,2,2,0,0,1,2,1,1,1,0,1,0,1,1,2,2,2,2,0,1,1,1,1,2,2,2,1,2,1,1,1,1,1,1,1,1,1,0,2,2,1,1,0,1,0,0,0,1,0,1,2,2,1,2,0,1,2,0,2,1,0,2,1,1,2,0,1,2,1,2,0,2,1,2,1,1,0,1,0,0,1,1,1,2,0,2,2,0,2,1,1,1,2,2,0,2,1,1,1,1,1,0,2,2,2,0,1,2,1,0,2,2,1,1,2,1,1,2,1,0,1,2,1,1,0,2,2,0,0,2,1,2,1,2,2,1,2,1,2,1,1,0,2,2,1,1,1,1,1,1,1,1,1,1,1,1,2,0,1,1,1,2,1,1,2,1,2,0,1,1,1,1,1,2,1,1,0,1,0,0,0,2,1,2,1,2,0,0,1,0,0,1,2,2,2,1,1,1,2,1,1,0,1,1,2,1,1,1,1,2,2,2,1,1,1,1,1,1,2,2,1,2,2,1,2,1,1,1,2,2,1,0,1,1,2,1,2,2,2,1,2,1
chr7,24554234,2,1,2,2,2,2,2,2,2,2,1,2,2,1,2,2,2,1,2,2,2,2,1,2,2,2,2,2,2,1,2,2,2,2,2,1,2,2,1,1,2,2,1,1,2,1,2,2,0,2,2,2,2,1,2,2,2,2,2,2,2,2,2,2,2,2,2,1,1,2,1,1,1,2,2,2,2,2,2,2,2,2,2,2,1,2,1,1,1,1,2,2,2,2,2,2,1,2,2,1,2,2,2,2,1,2,2,2,2,2,2,2,2,2,1,1,2,1,2,2,2,2,2,1,2,2,1,2,2,2,2,2,2,2,2,2,2,0,2,2,1,2,2,2,2,1,2,1,1,2,1,1,1,2,2,1,2,0,1,0,1,2,2,2,2,2,2,1,1,2,2,1,2,2,1,1,1,2,2,2,1,1,1,1,2,2,1,1,2,2,1,2,2,2,2,2,2,2,1,2,2,1,1,2,2,1,2,2,2,2,2,2,2,1,2,1,1,2,2,1,1,2,2,2,2,2,1,0,1,1,2,2,2,2,1,2,2,2,2,2,1,2,1,2,1,2,1,2,2,1,2,2,2,2,0,1,2,2,1,1,2,1,1,2,2,1,2,2,2,2,2,1,2,2,2,2,2,2,0,0,2,2,2,2,2,2,1,2,2,2,2,2,2,1,1,1,2,2,1,1,1,2,1,2,2,2,2,2,2,1,1,1,1,2,1,1,1,2,2,1,2,2,0,2,2,2,1,2,2,2,2,2,2,2,2,2,2,2,1,2,2,2,1,2,2,2,2,1,2,2,2,2,2,1,2,1,1,2,1,2,2,2,2,1,2,2,2,1,2,1,2,2,2,2,1,2,1,1,2,2,2,1,2,1,2,1,2,2,2,2,2,2,2,1,1,2,2,2,2,2
chr7,24562158,0,1,0,0,0,0,0,1,0,0,1,0,0,1,0,0,0,1,0,0,0,0,0,0,0,0,0,0,0,1,0,0,1,0,1,1,0,0,1,1,0,0,1,0,0,0,0,0,2,0,0,0,0,1,0,0,0,0,0,0,0,0,0,0,0,0,0,1,1,1,1,1,1,0,0,0,1,0,0,0,0,0,1,0,1,0,1,0,1,1,0,0,0,0,0,1,1,0,0,1,1,0,0,0,1,0,0,0,0,0,0,0,0,0,1,1,0,1,0,0,0,0,0,1,0,0,1,0,0,1,0,0,0,0,0,0,0,2,0,0,1,0,0,0,0,1,0,1,2,0,1,1,1,1,0,1,0,2,1,2,1,0,1,0,0,0,0,1,1,0,0,1,0,0,2,1,1,0,0,0,1,1,1,1,0,0,1,1,1,0,1,0,0,0,0,0,0,0,1,0,0,1,1,0,0,1,0,0,1,0,0,1,0,1,0,1,1,0,0,1,1,0,0,0,0,1,1,2,1,1,1,0,0,0,1,0,0,0,0,0,1,0,1,0,1,0,1,0,0,0,0,1,0,0,2,1,0,0,1,0,0,1,1,0,0,1,0,0,0,0,0,1,0,0,0,0,0,0,1,2,0,0,0,0,0,1,1,1,0,0,0,0,0,1,1,0,0,0,1,0,1,0,1,0,0,0,0,0,1,1,1,1,1,0,1,1,1,0,0,1,0,0,2,1,0,0,1,0,0,0,0,0,0,0,0,0,0,0,1,0,0,0,1,0,0,1,0,1,0,0,0,0,0,1,0,1,1,1,1,0,0,0,0,1,0,0,0,1,0,1,1,0,0,0,2,0,1,1,1,1,0,1,0,1,0,1,0,0,0,0,0,0,0,0,1,0,0,0,0,0
chr7,42035623,0,1,1,2,2,1,2,1,0,2,1,1,1,1,0,0,0,1,1,1,1,0,1,1,1,0,1,1,0,0,2,2,1,0,0,0,0,2,1,1,0,1,0,0,1,1,2,2,2,0,0,1,0,2,0,1,0,2,0,2,2,0,1,0,1,0,0,0,0,1,2,0,0,2,1,1,2,1,1,0,0,1,1,1,2,1,1,0,0,0,1,1,2,1,2,1,1,1,1,1,1,0,2,0,1,1,0,1,2,0,0,1,1,2,0,0,1,0,1,0,0,1,0,1,0,1,0,2,1,1,0,0,1,1,1,2,1,2,2,1,1,2,2,2,1,0,1,2,2,2,2,1,1,2,2,1,0,0,1,2,2,0,0,1,1,1,1,0,1,1,2,2,2,0,1,0,1,2,2,2,0,0,1,1,2,1,2,1,0,1,2,1,1,2,0,1,2,1,1,1,1,1,0,0,1,1,0,1,0,1,1,0,0,1,1,2,1,1,1,2,2,1,0,1,0,1,1,1,1,1,2,2,0,1,0,0,0,1,0,0,1,1,1,1,1,0,2,0,0,1,1,1,1,2,0,1,0,1,1,0,1,0,1,0,1,1,0,2,0,1,0,1,1,2,1,2,0,1,2,1,0,1,1,2,1,1,1,0,0,1,1,1,0,0,1,2,0,0,1,2,1,0,0,2,0,1,0,2,1,1,1,2,1,0,1,1,0,1,1,1,0,0,1,2,0,0,2,0,0,0,1,1,2,2,1,1,1,1,0,1,1,0,1,2,1,1,1,1,0,1,1,2,1,1,2,2,1,1,2,1,0,0,1,0,2,0,0,2,0,0,2,1,1,0,1,1,0,0,1,0,1,0,1,1,1,2,1,2,1,2,0,0,0,0,1,0,1,1,1,1
chr7,90115276,1,0,1,2,1,2,1,1,2,0,1,2,0,2,0,2,1,1,1,2,1,1,2,1,1,0,0,2,1,0,1,1,1,2,1,0,0,0,0,0,2,2,2,0,0,2,2,2,1,1,2,1,1,0,0,0,2,1,0,1,2,0,0,2,1,2,1,2,1,1,2,0,0,0,0,1,1,1,0,1,1,1,2,0,1,2,0,1,0,2,1,1,1,0,1,1,0,2,1,1,1,1,1,1,1,1,1,1,1,1,0,1,2,2,0,0,1,1,1,1,1,0,0,2,1,1,2,0,0,1,0,0,0,1,1,1,2,0,1,0,0,1,1,1,1,2,2,1,1,1,1,1,1,1,1,2,2,1,2,2,1,2,2,1,2,1,1,0,1,1,1,0,0,1,1,2,0,0,0,0,1,0,1,1,1,1,1,1,2,1,2,1,1,0,1,2,0,2,1,2,1,1,1,2,2,0,2,2,1,1,0,1,2,2,2,0,0,2,0,1,0,0,1,2,1,2,1,2,0,1,0,0,1,0,0,1,1,1,1,2,0,1,1,1,2,1,0,2,0,2,0,0,1,2,2,2,1,1,1,0,2,2,2,2,0,1,2,1,0,1,1,1,0,1,1,1,1,0,0,0,1,1,0,1,0,1,0,1,1,2,0,0,1,2,1,0,1,1,1,0,2,0,2,2,2,1,1,0,2,2,1,1,2,0,0,0,1,0,1,0,2,0,2,2,1,2,1,2,1,0,1,1,0,1,2,1,2,1,0,1,0,0,1,1,2,2,2,0,2,2,1,2,1,0,2,0,2,2,1,0,2,0,1,0,0,0,0,0,1,1,0,1,1,1,1,1,0,1,1,0,1,2,0,2,0,0,1,1,1,1,2,1,1,1,1,1,1,1,0,0
chr7,91280470,2,2,2,2,2,2,2,2,2,2,2,2,2,0,2,1,2,1,2,2,2,0,2,2,2,0,2,2,2,1,1,2,2,2,2,2,2,2,2,2,2,2,1,2,2,2,2,2,2,1,2,2,2,2,2,2,2,2,2,1,1,2,2,2,1,1,2,1,2,2,2,2,2,2,1,1,2,2,1,2,2,2,2,2,2,2,2,1,1,2,2,1,1,1,2,2,1,2,2,2,2,2,2,2,2,2,2,2,2,2,2,1,1,1,2,1,2,2,2,1,2,2,2,2,1,2,2,2,2,2,2,2,1,1,1,1,1,2,2,2,2,2,2,2,2,2,1,2,2,2,2,1,1,2,2,2,2,1,2,2,2,1,2,1,1,2,2,2,2,2,2,2,2,2,2,2,2,2,2,2,1,2,2,1,2,2,2,1,0,2,2,2,2,1,2,2,1,2,2,1,2,1,2,2,2,2,2,2,2,2,2,2,1,2,2,1,2,2,2,2,2,2,2,2,2,2,2,1,1,2,2,2,2,2,2,2,2,2,2,1,1,2,2,2,0,1,2,1,2,2,2,2,2,2,2,2,2,2,2,2,2,2,1,2,2,2,2,2,2,2,2,1,2,2,2,2,2,2,2,2,2,2,2,2,2,1,2,2,2,2,2,2,2,2,2,2,2,2,2,2,2,2,2,2,1,2,2,1,2,1,2,2,2,2,2,1,2,2,2,2,2,2,2,2,2,2,2,2,2,2,1,2,1,0,2,2,2,1,2,2,1,2,2,2,2,2,2,2,2,2,2,2,2,1,2,1,2,2,2,2,2,1,1,1,2,2,1,1,2,2,2,1,2,1,2,2,2,1,2,2,2,2,1,2,2,1,1,1,2,2,2,2,2,2,2,2,2,2,2,2
chr11,23482944,1,1,1,1,1,2,2,2,1,1,2,1,1,2,2,2,1,2,2,1,2,1,2,0,2,2,2,2,2,1,1,2,2,0,2,1,2,1,2,2,2,2,2,1,2,2,2,1,2,2,2,2,1,2,2,2,1,2,2,1,2,1,2,2,2,1,1,1,2,2,1,2,1,1,1,2,2,2,2,2,2,1,2,0,1,0,2,2,2,2,1,1,1,2,2,2,2,1,2,2,2,2,2,1,1,2,2,2,2,1,2,2,0,2,2,2,2,2,2,2,2,2,2,2,0,2,1,2,2,1,2,2,2,2,1,2,1,0,2,2,2,2,1,2,2,1,2,2,2,2,2,2,2,2,2,1,2,1,2,2,2,2,1,2,2,1,2,2,2,2,2,1,2,1,2,2,0,1,1,1,2,1,1,2,2,2,2,2,1,1,1,1,2,2,2,2,2,2,2,1,1,1,2,1,2,1,1,0,2,1,2,2,2,2,2,2,2,0,2,2,2,2,2,1,1,2,2,2,1,2,2,2,2,2,2,1,2,2,1,1,2,1,2,1,2,1,1,1,1,2,1,1,2,2,1,2,2,1,2,2,1,2,1,2,2,2,2,2,2,2,2,1,2,2,2,1,2,1,2,2,2,2,1,2,2,1,2,2,2,2,2,2,1,1,0,1,1,2,0,2,1,2,1,2,1,2,0,2,2,2,1,1,1,1,1,2,2,2,2,1,2,1,1,2,2,2,2,2,1,1,2,0,2,2,1,2,2,1,2,2,1,2,2,2,2,2,2,1,2,0,2,1,1,2,2,2,2,1,2,2,0,2,2,2,2,2,2,2,1,0,1,2,2,2,2,2,2,2,1,2,1,2,2,2,2,1,2,1,1,1,2,1,2,2,2,1,1,2,2,2
chr11,55596313,0,0,0,1,0,1,0,0,0,1,0,1,0,0,1,1,0,1,0,0,2,1,0,1,0,1,0,0,0,1,0,0,0,0,0,0,0,0,0,0,0,1,0,0,0,1,2,0,1,0,0,0,1,1,0,1,0,0,0,0,1,0,1,0,0,0,0,0,0,1,1,0,1,0,0,1,1,1,1,0,0,0,0,0,1,0,1,0,0,0,0,1,0,0,0,0,0,0,0,0,0,0,1,0,0,0,0,1,0,1,1,0,0,0,0,0,0,0,1,1,0,0,1,2,1,0,0,0,0,0,1,1,0,1,0,0,0,0,1,0,0,1,1,0,0,0,0,0,0,1,0,0,1,1,0,0,1,0,1,0,2,0,0,0,1,1,0,0,0,1,0,0,0,0,0,0,0,0,0,0,1,0,0,1,1,0,0,1,1,0,0,0,1,0,0,1,0,0,0,1,0,1,0,0,1,0,1,1,0,0,0,0,0,1,2,0,0,0,1,0,0,0,0,0,0,0,0,0,0,0,0,0,0,0,0,0,0,0,1,1,0,0,0,0,0,0,0,0,0,0,0,0,1,0,0,0,1,0,0,0,0,0,1,0,0,0,1,0,1,1,1,1,0,1,0,0,0,0,0,0,1,0,0,0,0,0,0,2,0,0,1,1,0,0,1,0,1,0,0,0,1,0,1,0,1,0,0,1,2,0,1,1,0,0,1,0,1,0,1,1,0,1,0,0,0,1,0,1,1,0,1,0,0,1,1,1,1,1,1,1,0,1,1,1,1,1,0,1,1,1,1,2,0,0,0,1,0,1,1,1,0,0,0,1,2,0,1,0,1,0,0,0,0,0,0,0,1,2,0,0,0,1,0,1,0,0,2,1,0,1,0,0,0,0,1,0,1,0,1,0
